url,sha256
"https://www.toyota.com/content/dam/toyota/brochures/pdf/2020/86_ebrochure.pdf","15d935f2bfba4e9b7a4b5666a31dff58b98ef9c1209ed30cfc730a1e400d024a"
"https://www.toyota.com/content/dam/toyota/brochures/pdf/2020/avalon_ebrochure.pdf","ef8271ec3120b7381ebea8ffc029c00759916ead1c836f98dea26d5806098642"
"https://www.toyota.com/content/dam/toyota/brochures/pdf/2020/corolla_ebrochure.pdf","8dcf65c30111499dc4fecbcf6b8f5bac606ee67ba4ec9f8c925e19e4ce53cfbc"
"https://www.toyota.com/content/dam/toyota/brochures/pdf/2020/corollahatchback_ebrochure.pdf","d405736bb2e03fe56b4effc7ec158e13e2e0b1b40a580978c7f8e557897aaeb9"
"https://www.toyota.com/content/dam/toyota/brochures/pdf/2020/highlander_ebrochure.pdf","b596acec1d8a556f3d3dd23cc7b61b2a9ae064d6ac88bd1b4d2d4c5327cb4af2"
"https://www.toyota.com/content/dam/toyota/brochures/pdf/2020/prius_ebrochure.pdf","95cf45a3abd979de251df2d250690d8c5f1a414b7a5c3dd0b9883c17cff1f9fd"
"https://www.toyota.com/content/dam/toyota/brochures/pdf/2020/sequoia_ebrochure.pdf","63d8858f772acb4dace31308c733e40e7506e584d879df1769a3ec5048d1ed5d"
"https://www.toyota.com/content/dam/toyota/brochures/pdf/2020/sienna_ebrochure.pdf","4aff0bd43e0d0a47e2a50e3ef099329da22c1033064d317611686addfdcd2bea"
"https://www.toyota.com/content/dam/toyota/brochures/pdf/2021/4runner_ebrochure.pdf","bb856851885a59191df36480960dd05b29eaa2c3e534300cd9cb3db5900739c9"
"https://www.toyota.com/content/dam/toyota/brochures/pdf/2021/avalon_ebrochure.pdf","c08d5d83ce20221e118e2fd5b59451acfc94094183db468f3288278ea57643e6"
"https://www.toyota.com/content/dam/toyota/brochures/pdf/2021/camry_ebrochure.pdf","9253d0e1d2ba50b9c38efab692f52769cfcece0ff791a281df9afed2f7230c4b"
"https://www.toyota.com/content/dam/toyota/brochures/pdf/2021/corolla_ebrochure.pdf","2a6f134b2dbc9f061e1ef9e4ce7d3ce51bd89f2ba4ed9f9537bd192a49f2f868"
"https://www.toyota.com/content/dam/toyota/brochures/pdf/2021/corollahatchback_ebrochure.pdf","0ee9b4a6770257533f719d8124d0caecbe569f7040beb0495acd37ef2b8a193e"
"https://www.toyota.com/content/dam/toyota/brochures/pdf/2021/highlander_ebrochure.pdf","c9f43dee71856e470a5bd6bd20c3e7f367a67410a6d39ab8c0c438c607e3f1fc"
"https://www.toyota.com/content/dam/toyota/brochures/pdf/2021/landcruiser_ebrochure.pdf","c45a57c20df9a793e8c909253a3b1c83748eaf1c838663b35c37055b09b367f7"
"https://www.toyota.com/content/dam/toyota/brochures/pdf/2021/mirai_ebrochure.pdf","cf6e0a0a4acae5361b099be860273f5ddda2d99ca505b08b82ab870346793f7d"
"https://www.toyota.com/content/dam/toyota/brochures/pdf/2021/prius_ebrochure.pdf","1b958737c363cd14bbceac22fd47b7cb156f1cc6d89547e787fc7de88f9f370d"
"https://www.toyota.com/content/dam/toyota/brochures/pdf/2021/priusprime_ebrochure.pdf","5cf72758c8b4183846f5605e6d8ab5c6e55988d1ecfa3735c63f8d52a683a6c1"
"https://www.toyota.com/content/dam/toyota/brochures/pdf/2021/rav4_ebrochure.pdf","3649098bd945f0718ba22846ae7eb4153b22dcab36436cd7237f53adb8505026"
"https://www.toyota.com/content/dam/toyota/brochures/pdf/2021/rav4prime_ebrochure.pdf","d6c62e45fb5bab3891c47bffe2c7c5cad942dc8f0a6348dbc71460474a14128e"
"https://www.toyota.com/content/dam/toyota/brochures/pdf/2021/sequoia_ebrochure.pdf","48b8e31d918213e925a3d0c00b24ac50f405d293e28db7eec4c1360f11073d62"
"https://www.toyota.com/content/dam/toyota/brochures/pdf/2021/sienna_ebrochure.pdf","38818074ce1173e36e2415710d8dcf8606a36381f13f535f4d4bafb36746f708"
"https://www.toyota.com/content/dam/toyota/brochures/pdf/2021/tacoma_ebrochure.pdf","cc4073c82c950884f9dd0a2e467bad08fcf8138908bf82c1617102772f27f6eb"
"https://www.toyota.com/content/dam/toyota/brochures/pdf/2021/tundra_ebrochure.pdf","ae404aff745ecbff1318d1cedff3eabbd23556e65b6d601c51ccbef7cb8129cb"
"https://www.toyota.com/content/dam/toyota/brochures/pdf/2021/venza_ebrochure.pdf","ec425b4fe05341fb142caf503ad606d217d68cacafbc9d8c530100c1dd26476f"
"https://www.toyota.com/content/dam/toyota/brochures/pdf/2022/4runner_ebrochure.pdf","9478ee69170dccef25acb7839adb650fde23bd8d73703aecb71c8ebcb15a3434"
"https://www.toyota.com/content/dam/toyota/brochures/pdf/2022/avalon_ebrochure.pdf","c1b7a484bd6481c362cc81290dd9ef54e98ad2eca6accaf7990d20d0695b0eaa"
"https://www.toyota.com/content/dam/toyota/brochures/pdf/2022/BornFromInvincibleSpeciesChart.pdf","f1ddbeef5d3d07e8520983d294736041cbad907cfd80294c157d1f0a9416f8e8"
"https://www.toyota.com/content/dam/toyota/brochures/pdf/2022/camry_ebrochure.pdf","a16b3d60cf208ce82662a6a309c5226208d5aef4691a491bde0bd91c038c98ac"
"https://www.toyota.com/content/dam/toyota/brochures/pdf/2022/corolla_ebrochure.pdf","fddb61025b0454288fe331fa1c88e762a9646a804c481535be6d96600f6fb450"
"https://www.toyota.com/content/dam/toyota/brochures/pdf/2022/corollacross_ebrochure.pdf","ea449c68f509700b00818b759f9d6e0f9b7c309c6b8a6c56a6cca891f46c1abb"
"https://www.toyota.com/content/dam/toyota/brochures/pdf/2022/corollahatchback_ebrochure.pdf","b95d9e1f5732959de5d8fb21c6f56b67aec3396cf38c9bf1c842377ddad21c58"
"https://www.toyota.com/content/dam/toyota/brochures/pdf/2022/gr86_ebrochure.pdf","98943ef10ca166a6809abc64f3908a74b3a167451dc9d06e30d692a48ab4b647"
"https://www.toyota.com/content/dam/toyota/brochures/pdf/2022/grsupra_ebrochure.pdf","2557d5ca07c9878687bd9a81c2206726ac4db5ee453bd926d28bf84e453adbb1"
"https://www.toyota.com/content/dam/toyota/brochures/pdf/2022/highlander_ebrochure.pdf","17cafd7127b95499f2607d52c02cc5a478090f24b4c62589231ad88b17ec7372"
"https://www.toyota.com/content/dam/toyota/brochures/pdf/2022/mirai_ebrochure.pdf","dbbf442c001e1988e3cc47e216b89f751e4749e98a87bf3fd3772f5bba9695d4"
"https://www.toyota.com/content/dam/toyota/brochures/pdf/2022/prius_ebrochure.pdf","400cb889f4d90db3e0333159841a2dfdd93866a5b8cddec689e077f84745ef9b"
"https://www.toyota.com/content/dam/toyota/brochures/pdf/2022/priusprime_ebrochure.pdf","fa79396f9ef8e7d9b07096f5fab4e85c90851417766c29e2fdb167dd61f7a251"
"https://www.toyota.com/content/dam/toyota/brochures/pdf/2022/rav4_ebrochure.pdf","acaf188de6f7fff86ca94996faef78d859838a13336ac6dfafe2b57ec22d2f89"
"https://www.toyota.com/content/dam/toyota/brochures/pdf/2022/sequoia_ebrochure.pdf","00fd6c9a952a7ebb7732823315687afe2f8e39ad4bff2c58225ca7ea9ff17afa"
"https://www.toyota.com/content/dam/toyota/brochures/pdf/2022/sienna_ebrochure.pdf","c5e87513fcb7a58647aa4266a99bdeaf35ea1a4aa1528d116916d4518a56bc05"
"https://www.toyota.com/content/dam/toyota/brochures/pdf/2022/tacoma_ebrochure.pdf","63fa30bae9842e1566efac0213f8ebcc7a6dadec57f255d1c1a4f30440cfd2f3"
"https://www.toyota.com/content/dam/toyota/brochures/pdf/2022/tundra_ebrochure.pdf","797d975bcde311c35cc275ed9aad946bac0b4f90f7f7837ae2b897aa910d2bba"
"https://www.toyota.com/content/dam/toyota/brochures/pdf/2022/venza_ebrochure.pdf","199db99c207c547b29152ae472f1fb9898d079cc414cf022b11db136bdf47d5b"
"https://www.toyota.com/content/dam/toyota/brochures/pdf/2023/4runner_ebrochure.pdf","b2c6c6cd15096a6148c9ae07184c534fc60ab2cbae0046236b59127d1e9a0f53"
"https://www.toyota.com/content/dam/toyota/brochures/pdf/2023/bz4x_ebrochure.pdf","ebd39e1c4c5af7bcc23367b3c88fc917d361947fffaedbbde4ef7853d5b580f0"
"https://www.toyota.com/content/dam/toyota/brochures/pdf/2023/camry_ebrochure.pdf","c2ac2a97092b9e8cb62dd1275e54f4568165c9ed372a9507fe22102f1e99afc8"
"https://www.toyota.com/content/dam/toyota/brochures/pdf/2023/corolla_ebrochure.pdf","36a5c2c3f46347aac53dc8bbf8a32d0bebf885c6e4f013dfc40b3d18e3ae1efc"
"https://www.toyota.com/content/dam/toyota/brochures/pdf/2023/corollacross_ebrochure.pdf","eb6626593f8098aac66793d52b9139605b44ecf2f7895ff1e2cef144de9e2625"
"https://www.toyota.com/content/dam/toyota/brochures/pdf/2023/corollahatchback_ebrochure.pdf","74c568a08dfb3f344a96c276a7edc0be135c2efb1e5e5f2d10d9b92e03afa05c"
"https://www.toyota.com/content/dam/toyota/brochures/pdf/2023/gr86_ebrochure.pdf","b99eaa27113f7aff12771c3ea34c7bbe6e0ec5a6007cc80a8c1a0f4664580a7a"
"https://www.toyota.com/content/dam/toyota/brochures/pdf/2023/grsupra_ebrochure.pdf","7dd924a92db20161b6e5f730012ab98d650c9170443c3d12ac57f5083ecc056d"
"https://www.toyota.com/content/dam/toyota/brochures/pdf/2023/highlander_ebrochure.pdf","c2ccd08d4852c24dac87a8e95568cb1d7df99460f55ac9780e3aca0b28734290"
"https://www.toyota.com/content/dam/toyota/brochures/pdf/2023/mirai_ebrochure.pdf","090c0114fe9a070d1462dbff757cfd026ee50f74014cd040d89f4e923203426b"
"https://www.toyota.com/content/dam/toyota/brochures/pdf/2023/prius_ebrochure.pdf","c7e0e6eba8463481aed5a4b0d79d7e196e470ada5828162a4264703bd5c85376"
"https://www.toyota.com/content/dam/toyota/brochures/pdf/2023/priusprime_ebrochure.pdf","840b19f36a4405bae82ac0cddf909a0ae38fc918ed43899ca690fcea2f37fd7e"
"https://www.toyota.com/content/dam/toyota/brochures/pdf/2023/rav4_ebrochure.pdf","c18464fab7566f69057d530e61712651820cda9c7fbef9f6316c44e54f1e80ee"
"https://www.toyota.com/content/dam/toyota/brochures/pdf/2023/sequoia_ebrochure.pdf","5adede9fbf266a494f64e5b0c99f7d64156427b23a7fc03243b3cdaba68cb671"
"https://www.toyota.com/content/dam/toyota/brochures/pdf/2023/sienna_ebrochure.pdf","3dee9a539ecc2d8c5920e68aa4b8baa73548403a381560f156dfce6837323a78"
"https://www.toyota.com/content/dam/toyota/brochures/pdf/2023/tacoma_ebrochure.pdf","e4c59c1e27a446160ecceeee5564a78fed3947e064e4504a70438bb6b1f21b91"
"https://www.toyota.com/content/dam/toyota/brochures/pdf/2023/toyotacrown_ebrochure.pdf","13ed701420fdf83bcad6c6f51d62239a3d8d978e19167e56f3073740a0352b19"
"https://www.toyota.com/content/dam/toyota/brochures/pdf/2023/tundra_ebrochure.pdf","59b82e79cb09f0efb9da012e5a926d19d79d562daa3c238bced95ff6d094db64"
"https://www.toyota.com/content/dam/toyota/brochures/pdf/2023/venza_ebrochure.pdf","e6db5896fbff88b0cc159a13a4c17c02ebb5ee3eff74f0e8ad4dc1d34d6a8c7b"
"https://www.toyota.com/content/dam/toyota/brochures/pdf/2024/4runner_ebrochure.pdf","9170c30a28d331fcce29950dad575c51cfecb1fd80c886f59661ee7e966f6d8e"
"https://www.toyota.com/content/dam/toyota/brochures/pdf/2024/camry_ebrochure.pdf","d3f8049bc0c48b735b7c4e0d6399ed9e8188afd332f58829f44e1c39cfb13528"
"https://www.toyota.com/content/dam/toyota/brochures/pdf/2024/corolla_ebrochure.pdf","21f997f99398f665dc0b9a5b3afa46a976994e162208c3385c59959cee76a7b4"
"https://www.toyota.com/content/dam/toyota/brochures/pdf/2024/corollacross_ebrochure.pdf","a1ca536a6cff9d2ae7a4fd482f70c338cadd17ecef9544a8a8b175518c198914"
"https://www.toyota.com/content/dam/toyota/brochures/pdf/2024/corollahatchback_ebrochure.pdf","7fb564b2442a6530c3a37224473df8eeaa766e8d3a25a8c51b4dbc5b3347fdda"
"https://www.toyota.com/content/dam/toyota/brochures/pdf/2024/gr86_ebrochure.pdf","4e4a7d2f987f40ae211bc14544cd7153c73a4fb0d6104b6d90ad6134e576317c"
"https://www.toyota.com/content/dam/toyota/brochures/pdf/2024/grandhighlander_ebrochure.pdf","ee6a6f31f4aecf6fd21169ec09a3275a9ac326a753d2c5ce069ff89ba5433878"
"https://www.toyota.com/content/dam/toyota/brochures/pdf/2024/grcorolla_ebrochure.pdf","4d6f725333d18f7bd09121a4752f40662b57c6d629c3636e3be1b7cba815d70b"
"https://www.toyota.com/content/dam/toyota/brochures/pdf/2024/grsupra_ebrochure.pdf","ea915e70d12738ba37d5613efa7ea3598e5520146b13c65e567afa30faa05c8d"
"https://www.toyota.com/content/dam/toyota/brochures/pdf/2024/highlander_ebrochure.pdf","5a1cb06dce7a0363b020aa923af3bc4b4491a439601c57b9a5ee1daf919aa243"
"https://www.toyota.com/content/dam/toyota/brochures/pdf/2024/mirai_ebrochure.pdf","6346269f4c8a01f4c6a410cf28a3ca1c8b6dc77ffffa428529068c113082b51d"
"https://www.toyota.com/content/dam/toyota/brochures/pdf/2024/prius_ebrochure.pdf","f3e26695f2dd2b5d9c8b2bf007400f5d000b70bac39cb074f6df9841c331f6af"
"https://www.toyota.com/content/dam/toyota/brochures/pdf/2024/priusprime_ebrochure.pdf","4ccee7016cf5ff3615aa684b175c254db324b85f4d849aa5262288c60f52a1a9"
"https://www.toyota.com/content/dam/toyota/brochures/pdf/2024/rav4_ebrochure.pdf","95b7a9a2a64c052fe7032aa411e27ee97954ec29ee1826871902f49350446e18"
"https://www.toyota.com/content/dam/toyota/brochures/pdf/2024/sequoia_ebrochure.pdf","13a5f60cd55646965b10a01439a5ab9841af524ac0af863592ad4a634e182d89"
"https://www.toyota.com/content/dam/toyota/brochures/pdf/2024/sienna_ebrochure.pdf","265988650af6b773ee41b3ecb81be0cfd2f55bb9a5f06e7529463d1e4c7bce14"
"https://www.toyota.com/content/dam/toyota/brochures/pdf/2024/tacoma_ebrochure.pdf","c1a3a1703ff987ed1266e3d32b359d96a04f2123ff9f0f1d520ef337061df29c"
"https://www.toyota.com/content/dam/toyota/brochures/pdf/2024/toyotacrown_ebrochure.pdf","7bcdc9f8cd94efdab4ae103b2f5f22028351ff3efd3712ceeeecd69ceec1227a"
"https://www.toyota.com/content/dam/toyota/brochures/pdf/2024/tundra_ebrochure.pdf","a37ecb538757d70a9697a7d7d09f216aea4107c3ed49c1dd68ef3e6e8ae3666c"
"https://www.toyota.com/content/dam/toyota/brochures/pdf/2024/venza_ebrochure.pdf","8405fea831f7c6899fd560eca48cf372b4ac051d2952189b9266499ae3907c46"
"https://www.toyota.com/content/dam/toyota/brochures/pdf/2025/camry_ebrochure.pdf","fe171e23befafee6f7ced9c8c5d2ee948a8272bfd1b1a6fa635a3634f0086189"
"https://www.toyota.com/content/dam/toyota/brochures/pdf/2025/corolla_ebrochure.pdf","4017deaa1dc2020d472cef4b687f786c660c5a70b7c1998785cb41100d40a669"
"https://www.toyota.com/content/dam/toyota/brochures/pdf/2025/corollahatchback_ebrochure.pdf","b29fad3acd85669ecadff0fcf5fb998512e465ed415b2bba090725b055f0831c"
"https://www.toyota.com/content/dam/toyota/brochures/pdf/2025/gr86_ebrochure.pdf","d66339a5b1dad090301269d69ecb83a97145c5c8f0409a82541e44c84d1f3d1c"
"https://www.toyota.com/content/dam/toyota/brochures/pdf/2025/grsupra_ebrochure.pdf","a8dcc928a06375b58010509052f22bd14f5897ad5a4dae898d356061d015c172"
"https://www.toyota.com/content/dam/toyota/brochures/pdf/2025/my25-grandhighlander-accessory-ebrochure.pdf","d89d3ac354417d42810e6ede54ddde14b807f8f99f00a797a3190f4ef278ea3c"
"https://www.toyota.com/content/dam/toyota/brochures/pdf/2025/sequoia_ebrochure.pdf","8dd71513c2e2f45c5674dead29bcc3f4a517ab32fb1d9c60d3ec239cada4f400"
"https://www.toyota.com/content/dam/toyota/brochures/pdf/2025/toyotacrown_ebrochure.pdf","dbefe371dad77111ae6ec9a25fba3e25c3d1b6c4f44c38996ab48c635b2a7dfa"
"https://www.toyota.com/content/dam/toyota/brochures/pdf/2025/toyotacrownsignia_ebrochure.pdf","c81f7868481cd60576f353304d332b620a9710cc48aa296cb2447d2a54624371"
"https://www.toyota.com/content/dam/toyota/brochures/pdf/2025/tundra_ebrochure.pdf","3ae5a32a56225586cb0b121d7594d828851533068a9ac20a10e70f280fd49604"
"https://www.toyota.com/content/dam/toyota/brochures/pdf/2026/2026_4runner_brochure.pdf","6568bf04ba5c7b54cdd77a6ecf21b0c012adb8b16d237ce84a15056c7e5248ea"
"https://www.toyota.com/content/dam/toyota/brochures/pdf/2026/2026_rav4_brochure_20260612_142557.pdf","b3bf909f6220343c8548ee9b004935317679a8c5e1444537083821e3896075a1"
"https://www.toyota.com/content/dam/toyota/brochures/pdf/2026/2026-bzwoodland-brochure.pdf","b2391303d49c0c4ce5b196afe3159b7f4a88fccae530cc006ca7ddcb1b406e54"
"https://www.toyota.com/content/dam/toyota/brochures/pdf/2026/2026-chr-brochure.pdf","58c82cc28e3d8e77b3314846938eef47f13cdf39d47b0cc1b6d7545b325a4701"
"https://www.toyota.com/content/dam/toyota/brochures/pdf/2026/2026-corollacross-brochure.pdf","82a27e94c9df046af2f1d4face41bfa9e4ad685e0818b5a7fdad8f7f77f2ab7f"
"https://www.toyota.com/content/dam/toyota/brochures/pdf/2026/2026-gr86-brochure.pdf","4576eb22c93389f8fd0b3a35965b3dee74de84da12a92838d6065de613756eee"
"https://www.toyota.com/content/dam/toyota/brochures/pdf/2026/2026-grandhighlander-brochure.pdf","60da62e72ba06ed747a6f8e9d67167e9801ae1226d847bd1dcd69adfc1655c19"
"https://www.toyota.com/content/dam/toyota/brochures/pdf/2026/2026-grcorolla-brochure.pdf","12a9098108301d22ae6ca34dd5bd88df0ba6470ebf372b42aa25f2fe4eac21e3"
"https://www.toyota.com/content/dam/toyota/brochures/pdf/2026/2026-grsupra-brochure.pdf","a967968131d729e5b67a3ef1b44101c2062b330dc5a86cd873c56e3a44c3642f"
"https://www.toyota.com/content/dam/toyota/brochures/pdf/2026/2026-highlander-brochure.pdf","409629b8e0c26ad81edae510c96c1f2a6b1e7374c6a24069cd6f894052a4b0b2"
"https://www.toyota.com/content/dam/toyota/brochures/pdf/2026/2026-rav4pluginhybrid-brochure.pdf","57ffd6842a0a9f21e3a143789e03f55aebfd48c2ddf6c181ee54115a7fad00fe"
"https://www.toyota.com/content/dam/toyota/brochures/pdf/2026/2026-tacoma-brochure-20260529-184050.pdf","79b50dcd6e32e23f7960ba7946bd1362eb2774f5e7947da7e5b7e4acde75f4e8"
"https://www.toyota.com/content/dam/toyota/brochures/pdf/2026/2026-toyotacrownsignia-brochure.pdf","d979ea67de6a0c30cde0656204990d58640f13b8b7d7afb4c3d6372d5082fecb"
"https://www.toyota.com/content/dam/toyota/brochures/pdf/2026/bz_ebrochure.pdf","fcb62efc4a7574735ac69bc69d0478abea9b4fb7b6761801e0a1ce921a684f8c"
"https://www.toyota.com/content/dam/toyota/brochures/pdf/2026/camry_ebrochure.pdf","acdb6123e1c25f2d34ce02dffc008a11cc8aa010f07a311bf24ee6e6f4d82adf"
"https://www.toyota.com/content/dam/toyota/brochures/pdf/2026/corolla_ebrochure.pdf","22363c306f049f686aa5dcc37d57505f8af41aa0a62af5ff44965d419b012860"
"https://www.toyota.com/content/dam/toyota/brochures/pdf/2026/corollahatchback_ebrochure.pdf","55a67059f468bb7eea907c6ef18bc72adc51092bec8ef1705fa7d2676922bf62"
"https://www.toyota.com/content/dam/toyota/brochures/pdf/2026/crown_ebrochure.pdf","47a54ad96adb3ff50ba3f87dd2d6ab667231d122394a73729a372b7576aab53b"
"https://www.toyota.com/content/dam/toyota/brochures/pdf/2026/introducing-toyota-safety-sense.pdf","d4fdd3b4e78d817f2113fe6cd9fea8cafa2f343fade6ef292b0324a3232ef8ca"
"https://www.toyota.com/content/dam/toyota/brochures/pdf/2026/landcruiser_ebrochure.pdf","bd2cadd7336f1af721323cf0fe4c33ace6db34b65a4b88263202631335bf0f17"
"https://www.toyota.com/content/dam/toyota/brochures/pdf/2026/mirai_brochure.pdf","878e52fe1baa6d0ea67a83d9bed7523721dd951f5cfb125a0206e7061d4988c1"
"https://www.toyota.com/content/dam/toyota/brochures/pdf/2026/prius_ebrochure.pdf","d21e9ab5373a478d350448ecefcbf7c9849a44e92fe1cad2c44f1543a518038b"
"https://www.toyota.com/content/dam/toyota/brochures/pdf/2026/priuspluginhybrid_ebrochure.pdf","489a359ac353c5bb32a49aa7a6444d84dae3abdfde09ce37dcc95dbac866f287"
"https://www.toyota.com/content/dam/toyota/brochures/pdf/2026/sequoia_ebrochure.pdf","919fd33decc5b9c03ef26ff53e987559cb9af33c485f5bbf15d133718cc8f637"
"https://www.toyota.com/content/dam/toyota/brochures/pdf/2026/sienna_brochure.pdf","c0f2f2579074bb334829464c9a5871588d99f63b74bba261d2730aee1751ff8e"
"https://www.toyota.com/content/dam/toyota/brochures/pdf/2026/toyota-accessory-portfolio-brochure.pdf","57425353358c421181bd20d2f672748866bf90040f3ca829196fb2b1753088a1"
"https://www.toyota.com/content/dam/toyota/brochures/pdf/2026/tundra_ebrochure.pdf","cd925bc64b3c9be5bf0964b14ef84cb70eb670fdfabcb94997d37a914190399b"
"https://www.toyota.com/content/dam/toyota/brochures/pdf/2027/2027-landcruiser-brochure-20260612-172306.pdf","d16551b9b07b9720805afb228618b4139dba067d6f9d7562b77b37c73170ea0e"
"https://www.toyota.com/content/dam/toyota/brochures/pdf/2027/2027-prius-brochure-20260806-223522.pdf","bba8daf16c277acbe32a40c537560c0e7bdcb544b3ee5d6bb6d676664f88f60c"
"https://www.toyota.com/content/dam/toyota/brochures/pdf/2027/2027-priuspluginhybrid-brochure-20260805.pdf","70c255bd7c1bc12bcb3023de7f0c65d9ebe5c419791c1bec2b3b9837a0a6b072"
"https://www.toyota.com/content/dam/toyota/brochures/pdf/accessories/2026/MY26_RAV4_Accessory_Complete_Brochure.pdf","fc8d36686e91c1a475f6a74acd3e50150b8abefae736d9429891894d77cca158"
"https://www.toyota.com/content/dam/toyota/brochures/pdf/accessories/2027/MY27_Land_Cruiser_Accessory_Brochure.pdf","cba4dd154605cbc4da96a2d85df39b1870a7079235ead6002f1dc5923c22aa75"
"https://www.toyota.com/content/dam/toyota/brochures/pdf/tcom/CFA_TSS_precautions.pdf","46509092c7f401b8c8b5c86ad910f46dfaabbe18a5c35d15ef1db039bcf5ce28"
"https://www.toyota.com/content/dam/toyota/brochures/pdf/tcom/toyotacare-bev.pdf","e5df440a77acb6d6c220440ef2cd7371f4fb087a5cbaa88ac82ba32e78816dcb"
"https://www.toyota.com/content/dam/toyota/brochures/pdf/tcom/toyotacare.pdf","6c0832bac2f1e92dc1a5b92133bfef65c11778e423907754559234ef8f2ffa04"
"https://www.toyota.com/content/dam/toyota/brochures/pdf/tss/CFA_TSS_2-5.pdf","8097808a8286e4c2ffb7c3e4b93856a102c70e6efb91bcb5a7e2fa994848b437"
"https://www.toyota.com/content/dam/toyota/brochures/pdf/tss/CFA_TSS_3.pdf","c244d46776a42c0fd7d003e4baa181f68a1f4dc9357f59cfcdafdc6be45f1d25"
